model_name,model_revision,layer,layer_label,probe_type,pooling_method,micro_accuracy,macro_accuracy,num_examples,num_projects,seed,best_layer_posthoc
Qwen/Qwen3-8B,,0,embed,single_document_mean_difference_projection,mean,0.5289843104872006,0.5203594896569966,6055,14,,0
Qwen/Qwen3-8B,,1,block_0,single_document_mean_difference_projection,mean,0.5383154417836499,0.5287233015408603,6055,14,,0
Qwen/Qwen3-8B,,2,block_1,single_document_mean_difference_projection,mean,0.5334434351775392,0.5233888544334789,6055,14,,0
Qwen/Qwen3-8B,,3,block_2,single_document_mean_difference_projection,mean,0.5369942196531792,0.5271582729095745,6055,14,,0
Qwen/Qwen3-8B,,4,block_3,single_document_mean_difference_projection,mean,0.5369942196531792,0.5272836111568584,6055,14,,0
Qwen/Qwen3-8B,,5,block_4,single_document_mean_difference_projection,mean,0.5367464905037159,0.5179691947374804,6055,14,,0
Qwen/Qwen3-8B,,6,block_5,single_document_mean_difference_projection,mean,0.5417836498761355,0.5291208392896722,6055,14,,0
Qwen/Qwen3-8B,,7,block_6,single_document_mean_difference_projection,mean,0.532204789430223,0.5222875697385466,6055,14,,0
Qwen/Qwen3-8B,,8,block_7,single_document_mean_difference_projection,mean,0.5318744838976053,0.5221832042733697,6055,14,,0
Qwen/Qwen3-8B,,9,block_8,single_document_mean_difference_projection,mean,0.5312964492155243,0.5214984705122506,6055,14,,0
Qwen/Qwen3-8B,,10,block_9,single_document_mean_difference_projection,mean,0.532204789430223,0.5221303759231278,6055,14,,0
Qwen/Qwen3-8B,,11,block_10,single_document_mean_difference_projection,mean,0.5320396366639141,0.5223166100988305,6055,14,,0
Qwen/Qwen3-8B,,12,block_11,single_document_mean_difference_projection,mean,0.5317919075144508,0.5218695841458075,6055,14,,0
Qwen/Qwen3-8B,,13,block_12,single_document_mean_difference_projection,mean,0.5320396366639141,0.5221238719319999,6055,14,,0
Qwen/Qwen3-8B,,14,block_13,single_document_mean_difference_projection,mean,0.5315441783649876,0.5217875522733239,6055,14,,0
Qwen/Qwen3-8B,,15,block_14,single_document_mean_difference_projection,mean,0.5323699421965318,0.5221324599681536,6055,14,,0
Qwen/Qwen3-8B,,16,block_15,single_document_mean_difference_projection,mean,0.5323699421965318,0.52266840713862,6055,14,,0
Qwen/Qwen3-8B,,17,block_16,single_document_mean_difference_projection,mean,0.5327828241123039,0.5200900981324951,6055,14,,0
Qwen/Qwen3-8B,,18,block_17,single_document_mean_difference_projection,mean,0.5315441783649876,0.5188085143827396,6055,14,,0
Qwen/Qwen3-8B,,19,block_18,single_document_mean_difference_projection,mean,0.531626754748142,0.5194455437795732,6055,14,,0
Qwen/Qwen3-8B,,20,block_19,single_document_mean_difference_projection,mean,0.5334434351775392,0.52265083231001,6055,14,,0
Qwen/Qwen3-8B,,21,block_20,single_document_mean_difference_projection,mean,0.5325350949628407,0.5197107770604883,6055,14,,0
Qwen/Qwen3-8B,,22,block_21,single_document_mean_difference_projection,mean,0.5329479768786127,0.5196690872749539,6055,14,,0
Qwen/Qwen3-8B,,23,block_22,single_document_mean_difference_projection,mean,0.5329479768786127,0.520003790418264,6055,14,,0
Qwen/Qwen3-8B,,24,block_23,single_document_mean_difference_projection,mean,0.5346820809248555,0.5214335339096221,6055,14,,0
Qwen/Qwen3-8B,,25,block_24,single_document_mean_difference_projection,mean,0.534186622625929,0.5205670018903069,6055,14,,0
Qwen/Qwen3-8B,,26,block_25,single_document_mean_difference_projection,mean,0.533608587943848,0.5202936153699808,6055,14,,0
Qwen/Qwen3-8B,,27,block_26,single_document_mean_difference_projection,mean,0.5332782824112304,0.5197792530123878,6055,14,,0
Qwen/Qwen3-8B,,28,block_27,single_document_mean_difference_projection,mean,0.5335260115606937,0.5201266419066454,6055,14,,0
Qwen/Qwen3-8B,,29,block_28,single_document_mean_difference_projection,mean,0.5349298100743187,0.5206488848999511,6055,14,,0
Qwen/Qwen3-8B,,30,block_29,single_document_mean_difference_projection,mean,0.5343517753922378,0.5207646295634548,6055,14,,0
Qwen/Qwen3-8B,,31,block_30,single_document_mean_difference_projection,mean,0.5378199834847234,0.5254482483536427,6055,14,,0
Qwen/Qwen3-8B,,32,block_31,single_document_mean_difference_projection,mean,0.5403798513625103,0.5264392343289785,6055,14,,0
Qwen/Qwen3-8B,,33,block_32,single_document_mean_difference_projection,mean,0.5424442609413708,0.5241686697716059,6055,14,,1
Qwen/Qwen3-8B,,34,block_33,single_document_mean_difference_projection,mean,0.5420313790255987,0.5210659860037385,6055,14,,0
Qwen/Qwen3-8B,,35,block_34,single_document_mean_difference_projection,mean,0.5419488026424443,0.520521090279918,6055,14,,0
Qwen/Qwen3-8B,,36,block_35,single_document_mean_difference_projection,mean,0.5270024772914946,0.5148722626086136,6055,14,,0
Qwen/Qwen3-8B,,0,,paired_difference_sign_mean_diff_direction_lopo,mean,0.5643270024772915,0.5554795933078538,6055,14,,0
Qwen/Qwen3-8B,,1,,paired_difference_sign_mean_diff_direction_lopo,mean,0.5864574731626755,0.5790709646534297,6055,14,,0
Qwen/Qwen3-8B,,2,,paired_difference_sign_mean_diff_direction_lopo,mean,0.6251032204789431,0.6124868536705094,6055,14,,0
Qwen/Qwen3-8B,,3,,paired_difference_sign_mean_diff_direction_lopo,mean,0.63121387283237,0.608226107263276,6055,14,,0
Qwen/Qwen3-8B,,4,,paired_difference_sign_mean_diff_direction_lopo,mean,0.6366639141205616,0.6200141862126937,6055,14,,0
Qwen/Qwen3-8B,,5,,paired_difference_sign_mean_diff_direction_lopo,mean,0.6274153592072668,0.6072794063497738,6055,14,,0
Qwen/Qwen3-8B,,6,,paired_difference_sign_mean_diff_direction_lopo,mean,0.6075970272502065,0.5881140352356782,6055,14,,0
Qwen/Qwen3-8B,,7,,paired_difference_sign_mean_diff_direction_lopo,mean,0.6378199834847234,0.6105483854261966,6055,14,,0
Qwen/Qwen3-8B,,8,,paired_difference_sign_mean_diff_direction_lopo,mean,0.6386457473162676,0.6116765424898787,6055,14,,0
Qwen/Qwen3-8B,,9,,paired_difference_sign_mean_diff_direction_lopo,mean,0.6350123864574732,0.6082122195553211,6055,14,,0
Qwen/Qwen3-8B,,10,,paired_difference_sign_mean_diff_direction_lopo,mean,0.6386457473162676,0.6120918004567952,6055,14,,0
Qwen/Qwen3-8B,,11,,paired_difference_sign_mean_diff_direction_lopo,mean,0.6358381502890174,0.6131350429941284,6055,14,,0
Qwen/Qwen3-8B,,12,,paired_difference_sign_mean_diff_direction_lopo,mean,0.6373245251857969,0.6138339749032288,6055,14,,0
Qwen/Qwen3-8B,,13,,paired_difference_sign_mean_diff_direction_lopo,mean,0.6350123864574732,0.6131866446948548,6055,14,,0
Qwen/Qwen3-8B,,14,,paired_difference_sign_mean_diff_direction_lopo,mean,0.6376548307184146,0.6175001443441694,6055,14,,0
Qwen/Qwen3-8B,,15,,paired_difference_sign_mean_diff_direction_lopo,mean,0.6345169281585467,0.6125128276113634,6055,14,,0
Qwen/Qwen3-8B,,16,,paired_difference_sign_mean_diff_direction_lopo,mean,0.6346820809248555,0.6121849664699687,6055,14,,0
Qwen/Qwen3-8B,,17,,paired_difference_sign_mean_diff_direction_lopo,mean,0.635177539223782,0.6025714818023771,6055,14,,0
Qwen/Qwen3-8B,,18,,paired_difference_sign_mean_diff_direction_lopo,mean,0.6340214698596202,0.6028035847633716,6055,14,,0
Qwen/Qwen3-8B,,19,,paired_difference_sign_mean_diff_direction_lopo,mean,0.6373245251857969,0.6036213741078542,6055,14,,0
Qwen/Qwen3-8B,,20,,paired_difference_sign_mean_diff_direction_lopo,mean,0.6336911643270025,0.5980753465138999,6055,14,,0
Qwen/Qwen3-8B,,21,,paired_difference_sign_mean_diff_direction_lopo,mean,0.634186622625929,0.6016288559309144,6055,14,,0
Qwen/Qwen3-8B,,22,,paired_difference_sign_mean_diff_direction_lopo,mean,0.6340214698596202,0.5986572992758603,6055,14,,0
Qwen/Qwen3-8B,,23,,paired_difference_sign_mean_diff_direction_lopo,mean,0.6343517753922379,0.5983157412894381,6055,14,,0
Qwen/Qwen3-8B,,24,,paired_difference_sign_mean_diff_direction_lopo,mean,0.6371593724194881,0.601884071484968,6055,14,,0
Qwen/Qwen3-8B,,25,,paired_difference_sign_mean_diff_direction_lopo,mean,0.6379851362510323,0.6092452526906182,6055,14,,0
Qwen/Qwen3-8B,,26,,paired_difference_sign_mean_diff_direction_lopo,mean,0.6340214698596202,0.602725469700505,6055,14,,0
Qwen/Qwen3-8B,,27,,paired_difference_sign_mean_diff_direction_lopo,mean,0.6330305532617672,0.6101210048528017,6055,14,,0
Qwen/Qwen3-8B,,28,,paired_difference_sign_mean_diff_direction_lopo,mean,0.6366639141205616,0.6162426688747761,6055,14,,0
Qwen/Qwen3-8B,,29,,paired_difference_sign_mean_diff_direction_lopo,mean,0.6376548307184146,0.6236299928036864,6055,14,,0
Qwen/Qwen3-8B,,30,,paired_difference_sign_mean_diff_direction_lopo,mean,0.6404624277456648,0.6279799084484604,6055,14,,1
Qwen/Qwen3-8B,,31,,paired_difference_sign_mean_diff_direction_lopo,mean,0.6373245251857969,0.6128432700530787,6055,14,,0
Qwen/Qwen3-8B,,32,,paired_difference_sign_mean_diff_direction_lopo,mean,0.6389760528488853,0.6234591793200271,6055,14,,0
Qwen/Qwen3-8B,,33,,paired_difference_sign_mean_diff_direction_lopo,mean,0.638150289017341,0.6186016740216366,6055,14,,0
Qwen/Qwen3-8B,,34,,paired_difference_sign_mean_diff_direction_lopo,mean,0.6335260115606937,0.6127096183345496,6055,14,,0
Qwen/Qwen3-8B,,35,,paired_difference_sign_mean_diff_direction_lopo,mean,0.6338563170933114,0.6014040261517827,6055,14,,0
Qwen/Qwen3-8B,,36,,paired_difference_sign_mean_diff_direction_lopo,mean,0.5501238645747316,0.5354995925454147,6055,14,,0
